{
  "components": [
    {
      "data": {
        "checksum": "912328528872f8bbcba9245970eee5bf22769272", 
        "contents_checksum": "d8583e293480370fa908cfa6b20bc1f656e5bada", 
        "size": 69977, 
        "source": "components/google-cloud-sdk-bq-20140114171652.tar.gz", 
        "type": "tar"
      }, 
      "dependencies": [
        "core", 
        "bq-nix", 
        "bq-win"
      ], 
      "details": {
        "description": "Provides the bq tool for interacting with the Big Query service.", 
        "display_name": "Big Query Command Line Tool"
      }, 
      "id": "bq", 
      "is_configuration": false, 
      "is_hidden": false, 
      "is_required": false, 
      "platform": {}, 
      "version": {
        "build_number": 20140114171652, 
        "version_string": "2.0.17"
      }
    }, 
    {
      "data": {
        "checksum": "6403956e05f745c9b552c7f4d298dbc49a9768ab", 
        "contents_checksum": "1b885186b3c61c5bd865e17439f405bba188e132", 
        "size": 410, 
        "source": "components/google-cloud-sdk-bq-nix-20140114171652.tar.gz", 
        "type": "tar"
      }, 
      "dependencies": [
        "core", 
        "bq"
      ], 
      "details": {
        "description": "Provides the bq tool for interacting with the Big Query service.", 
        "display_name": "Big Query Command Line Tool (Platform Specific)"
      }, 
      "id": "bq-nix", 
      "is_configuration": false, 
      "is_hidden": true, 
      "is_required": false, 
      "platform": {
        "operating_systems": [
          "LINUX", 
          "MACOSX", 
          "CYGWIN", 
          "MSYS"
        ]
      }, 
      "version": {
        "build_number": 20140114171652, 
        "version_string": "2.0.17"
      }
    }, 
    {
      "data": {
        "checksum": "2fcf27068d1a6cb214c024388089915227f2c099", 
        "contents_checksum": "b1d42dcd2533f0760ade7151c252c295692592ee", 
        "size": 384, 
        "source": "components/google-cloud-sdk-bq-win-20140114171652.tar.gz", 
        "type": "tar"
      }, 
      "dependencies": [
        "core", 
        "bq"
      ], 
      "details": {
        "description": "Provides the bq tool for interacting with the Big Query service.", 
        "display_name": "Big Query Command Line Tool (Platform Specific)"
      }, 
      "id": "bq-win", 
      "is_configuration": false, 
      "is_hidden": true, 
      "is_required": false, 
      "platform": {
        "operating_systems": [
          "WINDOWS"
        ]
      }, 
      "version": {
        "build_number": 20140114171652, 
        "version_string": "2.0.17"
      }
    }, 
    {
      "data": {
        "checksum": "4f6f24469dc6a37ea427bf350d335c97630f9107", 
        "contents_checksum": "144d56d63fa96ccd104487b6f6fc84d44d658aab", 
        "size": 336556, 
        "source": "components/google-cloud-sdk-core-20140114171652.tar.gz", 
        "type": "tar"
      }, 
      "dependencies": [
        "core-nix", 
        "core-win"
      ], 
      "details": {
        "description": "Handles all core functionality for the Cloud SDK.", 
        "display_name": "Cloud SDK Core Libraries"
      }, 
      "id": "core", 
      "is_configuration": false, 
      "is_hidden": false, 
      "is_required": true, 
      "platform": {}, 
      "version": {
        "build_number": 20140114171652, 
        "version_string": "2014.01.14"
      }
    }, 
    {
      "data": {
        "checksum": "8bbb8b43b7a5c63f6840139f04b16193f8e5893c", 
        "contents_checksum": "a111b19e3d9e048bad0769c47e7977230fdc1bea", 
        "size": 494, 
        "source": "components/google-cloud-sdk-core-nix-20131119163700.tar.gz", 
        "type": "tar"
      }, 
      "dependencies": [
        "core"
      ], 
      "details": {
        "description": "Handles all core functionality for the Cloud SDK.", 
        "display_name": "Cloud SDK Core Libraries (Platform Specific)"
      }, 
      "id": "core-nix", 
      "is_configuration": false, 
      "is_hidden": true, 
      "is_required": true, 
      "platform": {
        "operating_systems": [
          "LINUX", 
          "MACOSX", 
          "CYGWIN", 
          "MSYS"
        ]
      }, 
      "version": {
        "build_number": 20131119163700, 
        "version_string": "2013.11.19"
      }
    }, 
    {
      "data": {
        "checksum": "2abc3f35a11e52e565eaffe617966347b80f80ab", 
        "contents_checksum": "36630e3597e88db7973ccea54f2912b69490db4c", 
        "size": 437, 
        "source": "components/google-cloud-sdk-core-win-20131119163700.tar.gz", 
        "type": "tar"
      }, 
      "dependencies": [
        "core"
      ], 
      "details": {
        "description": "Handles all core functionality for the Cloud SDK.", 
        "display_name": "Cloud SDK Core Libraries (Platform Specific)"
      }, 
      "id": "core-win", 
      "is_configuration": false, 
      "is_hidden": true, 
      "is_required": true, 
      "platform": {
        "operating_systems": [
          "WINDOWS"
        ]
      }, 
      "version": {
        "build_number": 20131119163700, 
        "version_string": "2013.11.19"
      }
    }, 
    {
      "data": {
        "checksum": "9730af02fb401e7dd62da4a5075fb150a8f3438d", 
        "contents_checksum": "b8ce731b34301453f500ea05269f1676b02a3bec", 
        "size": 22084474, 
        "source": "components/google-cloud-sdk-gae-go-darwin-x86-20140114171652.tar.gz", 
        "type": "tar"
      }, 
      "dependencies": [
        "core", 
        "gae-python"
      ], 
      "details": {
        "description": "Provides all the tools required to develop Go applications on Google App Engine.", 
        "display_name": "App Engine SDK for Go (Mac OS X, x86)"
      }, 
      "id": "gae-go-darwin-x86", 
      "is_configuration": false, 
      "is_hidden": false, 
      "is_required": false, 
      "platform": {
        "architectures": [
          "x86"
        ], 
        "operating_systems": [
          "MACOSX"
        ]
      }, 
      "version": {
        "build_number": 20140114171652, 
        "version_string": "1.8.9"
      }
    }, 
    {
      "data": {
        "checksum": "d597922495ec70e977d025b8906a9d5b7434760c", 
        "contents_checksum": "8c32cf5ce6a94dc7d6997ddfdccd8cfff8ac0c41", 
        "size": 22322493, 
        "source": "components/google-cloud-sdk-gae-go-darwin-x86_64-20140114171652.tar.gz", 
        "type": "tar"
      }, 
      "dependencies": [
        "core", 
        "gae-python"
      ], 
      "details": {
        "description": "Provides all the tools required to develop Go applications on Google App Engine.", 
        "display_name": "App Engine SDK for Go (Mac OS X, x86_64)"
      }, 
      "id": "gae-go-darwin-x86_64", 
      "is_configuration": false, 
      "is_hidden": false, 
      "is_required": false, 
      "platform": {
        "architectures": [
          "x86_64"
        ], 
        "operating_systems": [
          "MACOSX"
        ]
      }, 
      "version": {
        "build_number": 20140114171652, 
        "version_string": "1.8.9"
      }
    }, 
    {
      "data": {
        "checksum": "08754e30dbc5c9f2a8f58b8fd293a2d45c2d1411", 
        "contents_checksum": "341e677e4d250d781e1a117412497f703e5d4875", 
        "size": 23708442, 
        "source": "components/google-cloud-sdk-gae-go-linux-x86-20140114171652.tar.gz", 
        "type": "tar"
      }, 
      "dependencies": [
        "core", 
        "gae-python"
      ], 
      "details": {
        "description": "Provides all the tools required to develop Go applications on Google App Engine.", 
        "display_name": "App Engine SDK for Go (Linux, x86)"
      }, 
      "id": "gae-go-linux-x86", 
      "is_configuration": false, 
      "is_hidden": false, 
      "is_required": false, 
      "platform": {
        "architectures": [
          "x86"
        ], 
        "operating_systems": [
          "LINUX"
        ]
      }, 
      "version": {
        "build_number": 20140114171652, 
        "version_string": "1.8.9"
      }
    }, 
    {
      "data": {
        "checksum": "3bc45f1056f061a9d22854e81b821ad1913015c7", 
        "contents_checksum": "72443dba34cd20cfa79d413406f797496998ec53", 
        "size": 24070597, 
        "source": "components/google-cloud-sdk-gae-go-linux-x86_64-20140114171652.tar.gz", 
        "type": "tar"
      }, 
      "dependencies": [
        "core", 
        "gae-python"
      ], 
      "details": {
        "description": "Provides all the tools required to develop Go applications on Google App Engine.", 
        "display_name": "App Engine SDK for Go (Linux, x86_64)"
      }, 
      "id": "gae-go-linux-x86_64", 
      "is_configuration": false, 
      "is_hidden": false, 
      "is_required": false, 
      "platform": {
        "architectures": [
          "x86_64"
        ], 
        "operating_systems": [
          "LINUX"
        ]
      }, 
      "version": {
        "build_number": 20140114171652, 
        "version_string": "1.8.9"
      }
    }, 
    {
      "data": {
        "checksum": "8b1ac0f8017d7f46a69abdeaea2744019776803e", 
        "contents_checksum": "94f7242d3bbf972d0399369afa97fd3ab9ed77d5", 
        "size": 22876775, 
        "source": "components/google-cloud-sdk-gae-go-windows-x86-20140114171652.tar.gz", 
        "type": "tar"
      }, 
      "dependencies": [
        "core", 
        "gae-python"
      ], 
      "details": {
        "description": "Provides all the tools required to develop Go applications on Google App Engine.", 
        "display_name": "App Engine SDK for Go (Windows, x86)"
      }, 
      "id": "gae-go-windows-x86", 
      "is_configuration": false, 
      "is_hidden": false, 
      "is_required": false, 
      "platform": {
        "architectures": [
          "x86"
        ], 
        "operating_systems": [
          "WINDOWS", 
          "CYGWIN", 
          "MSYS"
        ]
      }, 
      "version": {
        "build_number": 20140114171652, 
        "version_string": "1.8.9"
      }
    }, 
    {
      "data": {
        "checksum": "7350d6f47680c9afac5bf09cfcfd470ce7c0f3bf", 
        "contents_checksum": "8c0411ad53e7f4c4e3410335e6bf67b966836b3c", 
        "size": 23055460, 
        "source": "components/google-cloud-sdk-gae-go-windows-x86_64-20140114171652.tar.gz", 
        "type": "tar"
      }, 
      "dependencies": [
        "core", 
        "gae-python"
      ], 
      "details": {
        "description": "Provides all the tools required to develop Go applications on Google App Engine.", 
        "display_name": "App Engine SDK for Go (Windows, x86_64)"
      }, 
      "id": "gae-go-windows-x86_64", 
      "is_configuration": false, 
      "is_hidden": false, 
      "is_required": false, 
      "platform": {
        "architectures": [
          "x86_64"
        ], 
        "operating_systems": [
          "WINDOWS", 
          "CYGWIN", 
          "MSYS"
        ]
      }, 
      "version": {
        "build_number": 20140114171652, 
        "version_string": "1.8.9"
      }
    }, 
    {
      "data": {
        "checksum": "d92994a050fc6a4bce2d2cdfd8bc66b480cf5ee5", 
        "contents_checksum": "11a9f1220974a28f5b650a41202b76271d2af281", 
        "size": 149832006, 
        "source": "components/google-cloud-sdk-gae-java-20140114171652.tar.gz", 
        "type": "tar"
      }, 
      "dependencies": [
        "core", 
        "gae-java-nix", 
        "gae-java-win"
      ], 
      "details": {
        "description": "Provides all the tools required to develop Java applications on Google App Engine.", 
        "display_name": "App Engine SDK for Java"
      }, 
      "id": "gae-java", 
      "is_configuration": false, 
      "is_hidden": false, 
      "is_required": false, 
      "platform": {}, 
      "version": {
        "build_number": 20140114171652, 
        "version_string": "1.8.9"
      }
    }, 
    {
      "data": {
        "checksum": "95bde8d2e48ba75033b2c093063927cb27ee4ada", 
        "contents_checksum": "a3384a75ce54d7de5f3b4bf78ed9d2a72396daf7", 
        "size": 826, 
        "source": "components/google-cloud-sdk-gae-java-nix-20131217105630.tar.gz", 
        "type": "tar"
      }, 
      "dependencies": [
        "core", 
        "gae-java"
      ], 
      "details": {
        "description": "Provides all the tools required to develop Java applications on Google App Engine.", 
        "display_name": "App Engine SDK for Java (Platform Specific)"
      }, 
      "id": "gae-java-nix", 
      "is_configuration": false, 
      "is_hidden": true, 
      "is_required": false, 
      "platform": {
        "operating_systems": [
          "LINUX", 
          "MACOSX", 
          "CYGWIN", 
          "MSYS"
        ]
      }, 
      "version": {
        "build_number": 20131217105630, 
        "version_string": "1.8.8"
      }
    }, 
    {
      "data": {
        "checksum": "32cf042d5473a51f40c9276033cd1d065b42ce9c", 
        "contents_checksum": "eb32fdc543f1b8a28c047dada185a09ad83707b2", 
        "size": 837, 
        "source": "components/google-cloud-sdk-gae-java-win-20131217105630.tar.gz", 
        "type": "tar"
      }, 
      "dependencies": [
        "core", 
        "gae-java"
      ], 
      "details": {
        "description": "Provides all the tools required to develop Java applications on Google App Engine.", 
        "display_name": "App Engine SDK for Java (Platform Specific)"
      }, 
      "id": "gae-java-win", 
      "is_configuration": false, 
      "is_hidden": true, 
      "is_required": false, 
      "platform": {
        "operating_systems": [
          "WINDOWS"
        ]
      }, 
      "version": {
        "build_number": 20131217105630, 
        "version_string": "1.8.8"
      }
    }, 
    {
      "data": {
        "checksum": "4f3b0814b1ad4ee055feb81e45c7fa7eec584a2a", 
        "contents_checksum": "a15a2cb29781a7f536b7473a6bdd373becd749cc", 
        "size": 37123336, 
        "source": "components/google-cloud-sdk-gae-python-20140114171652.tar.gz", 
        "type": "tar"
      }, 
      "dependencies": [
        "core", 
        "gae-python-launcher-mac", 
        "gae-python-launcher-win"
      ], 
      "details": {
        "description": "Provides all the tools required to develop Python and PHP applications on Google App Engine.", 
        "display_name": "App Engine SDK for Python and PHP"
      }, 
      "id": "gae-python", 
      "is_configuration": false, 
      "is_hidden": false, 
      "is_required": false, 
      "platform": {}, 
      "version": {
        "build_number": 20140114171652, 
        "version_string": "1.8.9"
      }
    }, 
    {
      "data": {
        "checksum": "da8b13e15cffeeaf7cdfae2ab7aa022bc3fd4e6c", 
        "contents_checksum": "2a3dd9ac666536864981df2ba51c212a2a433f07", 
        "size": 7715106, 
        "source": "components/google-cloud-sdk-gae-python-launcher-mac-20140114171652.tar.gz", 
        "type": "tar"
      }, 
      "dependencies": [
        "core", 
        "gae-python"
      ], 
      "details": {
        "description": "Provides the GUI application for launching App Engine apps locally.", 
        "display_name": "App Engine Launcher Application for Mac"
      }, 
      "id": "gae-python-launcher-mac", 
      "is_configuration": false, 
      "is_hidden": false, 
      "is_required": false, 
      "platform": {
        "operating_systems": [
          "MACOSX"
        ]
      }, 
      "version": {
        "build_number": 20140114171652, 
        "version_string": "1.8.9"
      }
    }, 
    {
      "data": {
        "checksum": "0bd249be35bd6a50b08234006329a609585818af", 
        "contents_checksum": "782cbcd4a22687dfd22126be4869baa8ec80f70f", 
        "size": 11779242, 
        "source": "components/google-cloud-sdk-gae-python-launcher-win-20140114171652.tar.gz", 
        "type": "tar"
      }, 
      "dependencies": [
        "core", 
        "gae-python"
      ], 
      "details": {
        "description": "Provides the GUI application for launching App Engine apps locally.", 
        "display_name": "App Engine Launcher Application for Windows"
      }, 
      "id": "gae-python-launcher-win", 
      "is_configuration": false, 
      "is_hidden": false, 
      "is_required": false, 
      "platform": {
        "operating_systems": [
          "WINDOWS", 
          "CYGWIN", 
          "MSYS"
        ]
      }, 
      "version": {
        "build_number": 20140114171652, 
        "version_string": "1.8.9"
      }
    }, 
    {
      "data": {
        "checksum": "9f249d81512297555f3970ccc1f0f40e3bf4270e", 
        "contents_checksum": "6a061c7d2a637c7062f19f75f4160918ec87a5d8", 
        "size": 457977, 
        "source": "components/google-cloud-sdk-gcutil-20140114171652.tar.gz", 
        "type": "tar"
      }, 
      "dependencies": [
        "core", 
        "gcutil-nix", 
        "gcutil-win"
      ], 
      "details": {
        "description": "Provides the gcutil tool for interacting with Google Compute Engine.", 
        "display_name": "Compute Engine Command Line Tool"
      }, 
      "id": "gcutil", 
      "is_configuration": false, 
      "is_hidden": false, 
      "is_required": false, 
      "platform": {}, 
      "version": {
        "build_number": 20140114171652, 
        "version_string": "1.13.0"
      }
    }, 
    {
      "data": {
        "checksum": "8d5ea27c569aff066b4b76cf0ed1eb92391bccc9", 
        "contents_checksum": "561a550499130067c59f502c13c6e2837d356966", 
        "size": 420, 
        "source": "components/google-cloud-sdk-gcutil-nix-20140114171652.tar.gz", 
        "type": "tar"
      }, 
      "dependencies": [
        "core", 
        "gcutil"
      ], 
      "details": {
        "description": "Provides the gcutil tool for interacting with Google Compute Engine.", 
        "display_name": "Compute Engine Command Line Tool (Platform Specific)"
      }, 
      "id": "gcutil-nix", 
      "is_configuration": false, 
      "is_hidden": true, 
      "is_required": false, 
      "platform": {
        "operating_systems": [
          "LINUX", 
          "MACOSX", 
          "CYGWIN", 
          "MSYS"
        ]
      }, 
      "version": {
        "build_number": 20140114171652, 
        "version_string": "1.13.0"
      }
    }, 
    {
      "data": {
        "checksum": "bab8b7c3a7db186a327f2d28d7469d772770379e", 
        "contents_checksum": "b4917690df0ece9c0ea879dd86457c5897266848", 
        "size": 387, 
        "source": "components/google-cloud-sdk-gcutil-win-20140114171652.tar.gz", 
        "type": "tar"
      }, 
      "dependencies": [
        "core", 
        "gcutil"
      ], 
      "details": {
        "description": "Provides the gcutil tool for interacting with Google Compute Engine.", 
        "display_name": "Compute Engine Command Line Tool (Platform Specific)"
      }, 
      "id": "gcutil-win", 
      "is_configuration": false, 
      "is_hidden": true, 
      "is_required": false, 
      "platform": {
        "operating_systems": [
          "WINDOWS"
        ]
      }, 
      "version": {
        "build_number": 20140114171652, 
        "version_string": "1.13.0"
      }
    }, 
    {
      "data": {
        "checksum": "164f1656a89895e1f834336e9dbb4a5bbe001f83", 
        "contents_checksum": "ae2371167798907dd67723fde634a76099dedb7e", 
        "size": 1828453, 
        "source": "components/google-cloud-sdk-gsutil-20140114171652.tar.gz", 
        "type": "tar"
      }, 
      "dependencies": [
        "core", 
        "gsutil-nix", 
        "gsutil-win"
      ], 
      "details": {
        "description": "Provides the gsutil tool for interacting with Google Cloud Storage.", 
        "display_name": "Cloud Storage Command Line Tool"
      }, 
      "id": "gsutil", 
      "is_configuration": false, 
      "is_hidden": false, 
      "is_required": false, 
      "platform": {}, 
      "version": {
        "build_number": 20140114171652, 
        "version_string": "3.40"
      }
    }, 
    {
      "data": {
        "checksum": "f60cefdbb1e62aee445df4c15cc75ded6fe8a4ad", 
        "contents_checksum": "3e73ed564e283764b84dbf3be67dc8e6db028e3e", 
        "size": 421, 
        "source": "components/google-cloud-sdk-gsutil-nix-20140114171652.tar.gz", 
        "type": "tar"
      }, 
      "dependencies": [
        "core", 
        "gsutil"
      ], 
      "details": {
        "description": "Provides the gsutil tool for interacting with Google Cloud Storage.", 
        "display_name": "Cloud Storage Command Line Tool (Platform Specific)"
      }, 
      "id": "gsutil-nix", 
      "is_configuration": false, 
      "is_hidden": true, 
      "is_required": false, 
      "platform": {
        "operating_systems": [
          "LINUX", 
          "MACOSX", 
          "CYGWIN", 
          "MSYS"
        ]
      }, 
      "version": {
        "build_number": 20140114171652, 
        "version_string": "3.40"
      }
    }, 
    {
      "data": {
        "checksum": "9a84552dbc008c5357c38f804b86b81bfb4a8b8a", 
        "contents_checksum": "0997a28484b83e671f33a46180fc95b4618e2765", 
        "size": 387, 
        "source": "components/google-cloud-sdk-gsutil-win-20140114171652.tar.gz", 
        "type": "tar"
      }, 
      "dependencies": [
        "core", 
        "gsutil"
      ], 
      "details": {
        "description": "Provides the gsutil tool for interacting with Google Cloud Storage.", 
        "display_name": "Cloud Storage Command Line Tool (Platform Specific)"
      }, 
      "id": "gsutil-win", 
      "is_configuration": false, 
      "is_hidden": true, 
      "is_required": false, 
      "platform": {
        "operating_systems": [
          "WINDOWS"
        ]
      }, 
      "version": {
        "build_number": 20140114171652, 
        "version_string": "3.40"
      }
    }, 
    {
      "dependencies": [
        "core", 
        "bq", 
        "gcutil", 
        "gsutil", 
        "sql"
      ], 
      "details": {
        "description": "Contains all the standard cloud platform command line tools.", 
        "display_name": "Cloud SDK Core Command Line Tools"
      }, 
      "id": "pkg-core", 
      "is_configuration": true, 
      "is_hidden": false, 
      "is_required": false, 
      "platform": {}, 
      "version": {
        "build_number": 1, 
        "version_string": "1"
      }
    }, 
    {
      "dependencies": [
        "pkg-core", 
        "gae-go-linux-x86", 
        "gae-go-darwin-x86", 
        "gae-go-windows-x86", 
        "gae-go-linux-x86_64", 
        "gae-go-darwin-x86_64", 
        "gae-go-windows-x86_64", 
        "gae-python-launcher-mac", 
        "gae-python-launcher-win"
      ], 
      "details": {
        "description": "Contains all tools for building cloud applications in Go.", 
        "display_name": "Cloud SDK for Go Developers"
      }, 
      "id": "pkg-go", 
      "is_configuration": true, 
      "is_hidden": false, 
      "is_required": false, 
      "platform": {}, 
      "version": {
        "build_number": 1, 
        "version_string": "1"
      }
    }, 
    {
      "dependencies": [
        "pkg-core", 
        "gae-java"
      ], 
      "details": {
        "description": "Contains all tools for building cloud applications in Java.", 
        "display_name": "Cloud SDK for Java Developers"
      }, 
      "id": "pkg-java", 
      "is_configuration": true, 
      "is_hidden": false, 
      "is_required": false, 
      "platform": {}, 
      "version": {
        "build_number": 1, 
        "version_string": "1"
      }
    }, 
    {
      "dependencies": [
        "pkg-core", 
        "gae-python", 
        "gae-python-launcher-mac", 
        "gae-python-launcher-win"
      ], 
      "details": {
        "description": "Contains all tools for building cloud applications in Python and PHP.", 
        "display_name": "Cloud SDK for Python and PHP Developers"
      }, 
      "id": "pkg-python", 
      "is_configuration": true, 
      "is_hidden": false, 
      "is_required": false, 
      "platform": {}, 
      "version": {
        "build_number": 1, 
        "version_string": "1"
      }
    }, 
    {
      "data": {
        "checksum": "4327625f62f08db983c55659f531f6f98646e000", 
        "contents_checksum": "5239a46569b49bd7c3fe793c0e9a4db5cf50573b", 
        "size": 12537, 
        "source": "components/google-cloud-sdk-sql-20131217105630.tar.gz", 
        "type": "tar"
      }, 
      "dependencies": [
        "core"
      ], 
      "details": {
        "description": "Provides the gcloud sql tool for interacting with your Cloud SQL instances.", 
        "display_name": "Cloud SQL Admin Command Line Interface"
      }, 
      "id": "sql", 
      "is_configuration": false, 
      "is_hidden": false, 
      "is_required": false, 
      "platform": {}, 
      "version": {
        "build_number": 20131217105630, 
        "version_string": "2013.12.17"
      }
    }
  ], 
  "revision": 20140114171652, 
  "schema_version": {
    "no_update": false, 
    "url": "https://dl.google.com/dl/cloudsdk/release/google-cloud-sdk.tar.gz", 
    "version": 2
  }
}