﻿<?xml version="1.0" encoding="utf-8"?>
<MUPDefinition xmlns="http://schemas.dell.com/openmanage/cm/2/0/mupdefinition.xsd" xmlns:xsi="http://www.w3.org/2001/XMLSchema-instance" xsi:schemaLocation="http://schemas.dell.com/openmanage/cm/2/1/mupdefinition.xsd mupdefinition.xsd">
  <packageinformation>
    <installertype>custom</installertype>
    <packagegrouping>single_package</packagegrouping>
    <packagingtype>executable</packagingtype>
    <releasetype>DRVR</releasetype>
    <mupspecificationversion>2.4.1</mupspecificationversion>
    <version>4.2.41.2710</version>
    <name>Intel® Smart Connect Technology Installer Package</name>
    <supportedoperatingsystems>
      <osidentifier name="Windows7" architecture="x64" />
      <osidentifier name="Windows7" architecture="x86" />
      <osidentifier name="Windows8" architecture="x64" />
      <osidentifier name="Windows8" architecture="x86" />
      <osidentifier name="Windows8.1" architecture="x64" />
      <osidentifier name="Windows8.1" architecture="x86" />
    </supportedoperatingsystems>
  </packageinformation>
  <executable>
    <executablename>setup.exe</executablename>
  </executable>
  <behaviors>
    <behavior name="driveronly">
      <vendoroption>
        <optionvalue switch="/" requiresvalue="false">nogui</optionvalue>
      </vendoroption>
    </behavior>
    <behavior name="attended"/>
    <behavior name="help">
      <vendoroption>
        <optionvalue switch="/h" requiresvalue="false"/>
      </vendoroption>
    </behavior>
    <behavior name="unattended">
      <vendoroption>
        <optionvalue switch="/s" requiresvalue="false"/>
      </vendoroption>
    </behavior>
  </behaviors>
  <parameters>
    <parametermapping name="force">
      <vendoroption>
        <optionvalue switch="" requiresvalue="false"/>
      </vendoroption>
    </parametermapping>
    <parametermapping name="logfile">
      <vendoroption>
        <optionvalue switch="" requiresvalue="false"/>
      </vendoroption>
    </parametermapping>
  </parameters>
  <returncodes>
    <returncodemapping name="NO_DOWNGRADE">
      <!--Downgrade not supported-->
      <vendorreturncode>-1</vendorreturncode>
    </returncodemapping>
    <returncodemapping name="REBOOT_UPDATE_PENDING">
      <!--Installer only Reboots Once, Installer Doesn't need to support-->
      <vendorreturncode>-1</vendorreturncode>
    </returncodemapping>
    <returncodemapping name="SUCCESS">
      <vendorreturncode>0</vendorreturncode>
    </returncodemapping>
    <returncodemapping name="ERROR">
      <vendorreturncode>-1</vendorreturncode>
      <vendorreturncode>1</vendorreturncode>
    </returncodemapping>
    <returncodemapping name="REBOOT_REQUIRED">
      <vendorreturncode>0</vendorreturncode>
    </returncodemapping>
    <returncodemapping name="UNKNOWN_OPTION">
      <vendorreturncode>-1</vendorreturncode>
    </returncodemapping>
  </returncodes>
  <inventorymetadata>
    <extractdriversidentifier>
    </extractdriversidentifier>
    <fullpackageidentifier>
      <pnpids>
        <pnpdevice display="Intel(R) Smart Connect Technology Device">
          <pciinfo vendorID="8086" deviceID="33a0"/>
        </pnpdevice>
      </pnpids>
      <msis>
        <msi>
          <identifyingnumber>{51AC86D3-C431-48AD-9195-0D6C930D07CD}</identifyingnumber>
          <version>4.2.41.2710</version>
          <upgradecode>{25511E70-5ED7-4DA5-95AB-D1A839E7EFEC}</upgradecode>
        </msi>
      </msis>
    </fullpackageidentifier>
  </inventorymetadata>
</MUPDefinition>