<?xml version='1.0' encoding='UTF-8'?><?xml-stylesheet href="http://www.blogger.com/styles/atom.css" type="text/css"?><feed xmlns='http://www.w3.org/2005/Atom' xmlns:openSearch='http://a9.com/-/spec/opensearchrss/1.0/' xmlns:georss='http://www.georss.org/georss' xmlns:gd='http://schemas.google.com/g/2005' xmlns:thr='http://purl.org/syndication/thread/1.0'><id>tag:blogger.com,1999:blog-3213900</id><updated>2012-06-24T07:15:23.648-07:00</updated><category term='atom'/><category term='feature requests'/><category term='issues'/><category term='atom publishing protocol'/><title type='text'>Blogger Developers Network</title><subtitle type='html'>The official Blogger Developers Network weblog.</subtitle><link rel='http://schemas.google.com/g/2005#feed' type='application/atom+xml' href='http://code.blogger.com/feeds/posts/summary'/><link rel='self' type='application/atom+xml' href='http://www.blogger.com/feeds/3213900/posts/summary?max-results=5'/><link rel='alternate' type='text/html' href='http://code.blogger.com/'/><link rel='hub' href='http://pubsubhubbub.appspot.com/'/><link rel='next' type='application/atom+xml' href='http://www.blogger.com/feeds/3213900/posts/summary?start-index=6&amp;max-results=5'/><author><name>Eddie Kessler</name><email>noreply@blogger.com</email><gd:image rel='http://schemas.google.com/g/2005#thumbnail' width='16' height='16' src='http://img2.blogblog.com/img/b16-rounded.gif'/></author><generator version='7.00' uri='http://www.blogger.com'>Blogger</generator><openSearch:totalResults>52</openSearch:totalResults><openSearch:startIndex>1</openSearch:startIndex><openSearch:itemsPerPage>5</openSearch:itemsPerPage><entry><id>tag:blogger.com,1999:blog-3213900.post-738097307410258659</id><published>2012-06-19T17:29:00.000-07:00</published><updated>2012-06-19T17:29:22.297-07:00</updated><title type='text'>Blogger API v3</title><summary type='text'>One of the most requested features that developers have for the Blogger JSON API is the ability to create posts. So have a quick guess what the following HTTP request does?


POST https://www.googleapis.com/blogger/v3/blogs/8070105920543249955/posts/ HTTP/1.0
Host: www.googleapis.com
Authorization: Bearer &lt;OAuth2 key&gt;
Content-Type: application/json

{
  "kind": "blogger#post",
  "blog": {
    "id</summary><link rel='edit' type='application/atom+xml' href='http://www.blogger.com/feeds/3213900/posts/default/738097307410258659'/><link rel='self' type='application/atom+xml' href='http://www.blogger.com/feeds/3213900/posts/default/738097307410258659'/><link rel='alternate' type='text/html' href='http://code.blogger.com/2012/06/blogger-api-v3.html' title='Blogger API v3'/><author><name>Brett Morgan</name><uri>http://www.blogger.com/profile/16258312240222542576</uri><email>noreply@blogger.com</email><gd:image rel='http://schemas.google.com/g/2005#thumbnail' width='16' height='16' src='http://img2.blogblog.com/img/b16-rounded.gif'/></author></entry><entry><id>tag:blogger.com,1999:blog-3213900.post-1387873546480002228</id><published>2012-03-23T01:58:00.000-07:00</published><updated>2012-03-23T01:58:12.594-07:00</updated><title type='text'>Blogger Documentation has moved to developers.google.com</title><summary type='text'>Blogger documentation has a new home: it has moved to developers.google.com/blogger!

I have re-arranged the documentation a little to make it easier to navigate, but it is largely the same documentation you will remember from code.google.com/apis/blogger. If you find anything is out of place or hard to find, please let us know on the Blogger Developer forum.</summary><link rel='edit' type='application/atom+xml' href='http://www.blogger.com/feeds/3213900/posts/default/1387873546480002228'/><link rel='self' type='application/atom+xml' href='http://www.blogger.com/feeds/3213900/posts/default/1387873546480002228'/><link rel='alternate' type='text/html' href='http://code.blogger.com/2012/03/blogger-documentation-has-moved-to.html' title='Blogger Documentation has moved to developers.google.com'/><author><name>Brett Morgan</name><uri>http://www.blogger.com/profile/16258312240222542576</uri><email>noreply@blogger.com</email><gd:image rel='http://schemas.google.com/g/2005#thumbnail' width='16' height='16' src='http://img2.blogblog.com/img/b16-rounded.gif'/></author></entry><entry><id>tag:blogger.com,1999:blog-3213900.post-3727559627660892860</id><published>2012-01-21T17:40:00.000-08:00</published><updated>2012-01-22T15:16:03.068-08:00</updated><title type='text'>Customising Threaded Comments</title><summary type='text'>Recently we released an update to Blogger’s commenting system that enables people to directly respond to comments. This capability is known as Threaded Comments. We are pleased to see quite a few people diving in and writing tutorials, including a screencast. It’s wonderful to see the enthusiasm of our developers!

In this post we will look at what are the changes required to modify a custom </summary><link rel='edit' type='application/atom+xml' href='http://www.blogger.com/feeds/3213900/posts/default/3727559627660892860'/><link rel='self' type='application/atom+xml' href='http://www.blogger.com/feeds/3213900/posts/default/3727559627660892860'/><link rel='alternate' type='text/html' href='http://code.blogger.com/2012/01/customising-threaded-comments.html' title='Customising Threaded Comments'/><author><name>Brett Morgan</name><uri>http://www.blogger.com/profile/16258312240222542576</uri><email>noreply@blogger.com</email><gd:image rel='http://schemas.google.com/g/2005#thumbnail' width='16' height='16' src='http://img2.blogblog.com/img/b16-rounded.gif'/></author></entry><entry><id>tag:blogger.com,1999:blog-3213900.post-1356679731059154830</id><published>2012-01-04T22:06:00.000-08:00</published><updated>2012-04-01T04:57:02.113-07:00</updated><title type='text'>An easier to use interface for the Blogger JSON API</title><summary type='text'>As I have been reviewing the applications to use the Blogger JSON API, I have noticed that a fair number of you appear to be integrating with Blogger JSON API using JavaScript. So, in the interests of making things easier for all of you, here is a walk through of using the just released JavaScript Client Library for Google APIs to access the Blogger JSON API.
The first step is exploring the </summary><link rel='edit' type='application/atom+xml' href='http://www.blogger.com/feeds/3213900/posts/default/1356679731059154830'/><link rel='self' type='application/atom+xml' href='http://www.blogger.com/feeds/3213900/posts/default/1356679731059154830'/><link rel='alternate' type='text/html' href='http://code.blogger.com/2012/01/easier-to-use-interface-for-blogger.html' title='An easier to use interface for the Blogger JSON API'/><author><name>Brett Morgan</name><uri>http://www.blogger.com/profile/16258312240222542576</uri><email>noreply@blogger.com</email><gd:image rel='http://schemas.google.com/g/2005#thumbnail' width='16' height='16' src='http://img2.blogblog.com/img/b16-rounded.gif'/></author></entry><entry><id>tag:blogger.com,1999:blog-3213900.post-780823247460418352</id><published>2011-12-18T22:40:00.000-08:00</published><updated>2011-12-18T22:41:08.111-08:00</updated><title type='text'>Changes to ProfileID for Google+ profile users</title><summary type='text'>It’s wonderful to see a lot of our users taking us up on our offer to merge our Blogger Profile with the Google+ Profile. For developers this means that there is one small wrinkle to worry about - the format of the ProfileId for these migrated users has changed.

What’s a ProfileId, and what’s it used for? 

The ProfileId is a component of the path for the Retrieving a List of Blogs Blogger GData</summary><link rel='edit' type='application/atom+xml' href='http://www.blogger.com/feeds/3213900/posts/default/780823247460418352'/><link rel='self' type='application/atom+xml' href='http://www.blogger.com/feeds/3213900/posts/default/780823247460418352'/><link rel='alternate' type='text/html' href='http://code.blogger.com/2011/12/changes-to-profileid-for-google-profile.html' title='Changes to ProfileID for Google+ profile users'/><author><name>Brett Morgan</name><uri>http://www.blogger.com/profile/16258312240222542576</uri><email>noreply@blogger.com</email><gd:image rel='http://schemas.google.com/g/2005#thumbnail' width='16' height='16' src='http://img2.blogblog.com/img/b16-rounded.gif'/></author></entry></feed>